-- phpMyAdmin SQL Dump
-- version 3.4.5
-- http://www.phpmyadmin.net
--
-- Servidor: localhost
-- Tiempo de generación: 08-01-2015 a las 11:10:35
-- Versión del servidor: 5.5.16
-- Versión de PHP: 5.3.8

SET SQL_MODE="NO_AUTO_VALUE_ON_ZERO";
SET time_zone = "+00:00";


/*!40101 SET @OLD_CHARACTER_SET_CLIENT=@@CHARACTER_SET_CLIENT */;
/*!40101 SET @OLD_CHARACTER_SET_RESULTS=@@CHARACTER_SET_RESULTS */;
/*!40101 SET @OLD_COLLATION_CONNECTION=@@COLLATION_CONNECTION */;
/*!40101 SET NAMES utf8 */;

--
-- Base de datos: `sellersys`
--

-- --------------------------------------------------------

--
-- Estructura de tabla para la tabla `cho_module`
--

CREATE TABLE IF NOT EXISTS `cho_module` (
  `ID` int(11) NOT NULL AUTO_INCREMENT,
  `URI` varchar(30) NOT NULL,
  `NAME` varchar(30) NOT NULL,
  `ACCESS` varchar(20) NOT NULL,
  `POSITION` int(11) NOT NULL,
  `DESCRIPTION` text,
  PRIMARY KEY (`ID`),
  UNIQUE KEY `UK_MODULE_NAME` (`NAME`),
  UNIQUE KEY `NAME` (`NAME`),
  UNIQUE KEY `URI` (`URI`)
) ENGINE=InnoDB  DEFAULT CHARSET=utf8 AVG_ROW_LENGTH=4096 AUTO_INCREMENT=9 ;

--
-- Volcado de datos para la tabla `cho_module`
--

INSERT INTO `cho_module` (`ID`, `URI`, `NAME`, `ACCESS`, `POSITION`, `DESCRIPTION`) VALUES
(1, '', 'Portal', 'PUBLIC', 1, 'Portal p'),
(2, 'admin', 'Administracion', 'PRIVATE', 2, 'Administraci'),
(3, 'params', 'Pararametrós', 'PRIVATE', 3, 'Paramámetros'),
(4, 'catalog', 'Catálogo', 'PRIVATE', 5, 'Categoria'),
(5, 'inventory', 'Inventario', 'PRIVATE', 6, 'Adquisici'),
(6, 'organization', 'Organización', 'PRIVATE', 4, 'Modulo de organizaci'),
(7, 'acquisition', 'Compras', 'PRIVATE', 7, 'Compras para inventario'),
(8, 'sales', 'Ventas', 'PRIVATE', 8, 'Ventas');

-- --------------------------------------------------------

--
-- Estructura de tabla para la tabla `cho_rol`
--

CREATE TABLE IF NOT EXISTS `cho_rol` (
  `ID` int(11) NOT NULL AUTO_INCREMENT,
  `CODE` varchar(20) NOT NULL,
  `NAME` varchar(50) NOT NULL,
  `DESCRIPTION` text,
  PRIMARY KEY (`ID`),
  UNIQUE KEY `UK_CODE` (`CODE`),
  UNIQUE KEY `CODE` (`CODE`)
) ENGINE=InnoDB  DEFAULT CHARSET=utf8 AVG_ROW_LENGTH=16384 AUTO_INCREMENT=6 ;

--
-- Volcado de datos para la tabla `cho_rol`
--

INSERT INTO `cho_rol` (`ID`, `CODE`, `NAME`, `DESCRIPTION`) VALUES
(1, 'SUPER', 'Superusuario', ''),
(2, 'YPRA', 'YES', 'hyhhkhjk'),
(3, 'ADM', 'Admin', 'Administrador'),
(4, 'USR', 'User', 'No description'),
(5, 'ADM-CEN', 'Administrador de Centro', 'Administrador de Centro Infantil');

-- --------------------------------------------------------

--
-- Estructura de tabla para la tabla `cho_rol_x_uri`
--

CREATE TABLE IF NOT EXISTS `cho_rol_x_uri` (
  `ROL_ID` int(11) NOT NULL,
  `URI_ID` int(11) NOT NULL,
  `READ` varchar(3) NOT NULL DEFAULT 'SI',
  `CREATE` varchar(3) NOT NULL DEFAULT 'NO',
  `UPDATE` varchar(3) NOT NULL DEFAULT 'NO',
  `DELETE` varchar(3) NOT NULL DEFAULT 'NO',
  PRIMARY KEY (`ROL_ID`,`URI_ID`),
  KEY `ROL_ID` (`ROL_ID`),
  KEY `URI_ID` (`URI_ID`)
) ENGINE=InnoDB DEFAULT CHARSET=utf8 AVG_ROW_LENGTH=431;

--
-- Volcado de datos para la tabla `cho_rol_x_uri`
--

INSERT INTO `cho_rol_x_uri` (`ROL_ID`, `URI_ID`, `READ`, `CREATE`, `UPDATE`, `DELETE`) VALUES
(1, 4, 'SI', 'SI', 'SI', 'SI'),
(1, 9, 'SI', 'SI', 'SI', 'SI'),
(1, 11, 'SI', 'SI', 'SI', 'SI'),
(1, 12, 'SI', 'SI', 'SI', 'SI'),
(1, 14, 'SI', 'SI', 'SI', 'SI'),
(1, 17, 'SI', 'SI', 'SI', 'SI'),
(1, 18, 'SI', 'SI', 'SI', 'SI'),
(1, 19, 'SI', 'SI', 'SI', 'SI'),
(1, 27, 'SI', 'SI', 'SI', 'SI'),
(1, 28, 'SI', 'SI', 'SI', 'SI'),
(1, 29, 'SI', 'SI', 'SI', 'SI'),
(1, 32, 'SI', 'SI', 'SI', 'SI'),
(1, 33, 'SI', 'SI', 'SI', 'SI'),
(1, 34, 'SI', 'SI', 'SI', 'SI'),
(1, 35, 'SI', 'SI', 'SI', 'SI'),
(2, 4, 'SI', 'NO', 'NO', 'NO'),
(2, 18, 'SI', 'SI', 'SI', 'SI'),
(3, 4, 'SI', 'SI', 'SI', 'NO'),
(3, 9, 'SI', 'SI', 'SI', 'SI'),
(3, 11, 'SI', 'SI', 'SI', 'SI'),
(3, 12, 'SI', 'SI', 'SI', 'SI'),
(3, 14, 'SI', 'SI', 'SI', 'SI'),
(3, 17, 'SI', 'SI', 'SI', 'SI'),
(3, 18, 'SI', 'SI', 'SI', 'SI'),
(3, 19, 'SI', 'SI', 'SI', 'SI'),
(3, 27, 'SI', 'SI', 'SI', 'SI'),
(3, 28, 'SI', 'SI', 'SI', 'SI'),
(3, 29, 'SI', 'SI', 'SI', 'SI'),
(3, 32, 'SI', 'SI', 'SI', 'SI'),
(3, 33, 'SI', 'SI', 'SI', 'SI'),
(3, 34, 'SI', 'SI', 'SI', 'SI'),
(4, 18, 'SI', 'SI', 'SI', 'SI'),
(5, 18, 'SI', 'SI', 'SI', 'SI'),
(5, 19, 'SI', 'SI', 'SI', 'SI'),
(5, 23, 'SI', 'SI', 'SI', 'SI'),
(5, 26, 'SI', 'SI', 'SI', 'SI'),
(5, 29, 'SI', 'SI', 'SI', 'SI'),
(5, 32, 'SI', 'SI', 'SI', 'SI'),
(5, 33, 'SI', 'SI', 'SI', 'SI');

-- --------------------------------------------------------

--
-- Estructura de tabla para la tabla `cho_uri`
--

CREATE TABLE IF NOT EXISTS `cho_uri` (
  `ID` int(11) NOT NULL AUTO_INCREMENT,
  `MODULE_ID` int(11) NOT NULL,
  `URI` varchar(200) NOT NULL,
  `TITLE` varchar(50) NOT NULL,
  `ACCESS` varchar(20) NOT NULL,
  `TYPE` varchar(20) NOT NULL,
  `POSITION` int(11) NOT NULL,
  `DESCRIPTION` text,
  PRIMARY KEY (`ID`),
  UNIQUE KEY `UK_URI` (`URI`),
  KEY `MODULE_ID` (`MODULE_ID`)
) ENGINE=InnoDB  DEFAULT CHARSET=utf8 AVG_ROW_LENGTH=2340 AUTO_INCREMENT=36 ;

--
-- Volcado de datos para la tabla `cho_uri`
--

INSERT INTO `cho_uri` (`ID`, `MODULE_ID`, `URI`, `TITLE`, `ACCESS`, `TYPE`, `POSITION`, `DESCRIPTION`) VALUES
(1, 1, 'index/', 'Inicio', 'PUBLIC', 'MENU', 1, 'P'),
(2, 1, 'index/index/', 'Segundo Inicio', 'PUBLIC', 'EXTRA', 2, 'Segunda P'),
(4, 2, 'rol/', 'Roles', 'PRIVATE', 'MENU', 5, ''),
(9, 2, 'uri/', 'URIs', 'PRIVATE', 'SECTION', 5, ''),
(11, 2, 'module/', 'Módulos', 'PRIVATE', 'MENU', 5, ''),
(12, 2, 'user/', 'Usuarios', 'PRIVATE', 'MENU', 5, ''),
(14, 3, 'brand/', 'Marcas', 'PRIVATE', 'MENU', 1, ''),
(15, 3, 'trainingArea/', 'Otrin', 'PRIVATE', 'MENU', 2, ''),
(17, 4, 'category/', 'Categorías', 'PRIVATE', 'MENU', 1, ''),
(18, 4, 'products/', 'Productos', 'PRIVATE', 'SECTION', 3, ''),
(19, 7, 'acquisition/', 'Compra de Productos', 'PRIVATE', 'MENU', 3, ''),
(20, 6, 'categoryXBranch/', 'Categorías de Sucursal', 'PRIVATE', 'SECTION', 8, ''),
(23, 6, 'employee/', 'Empleados', 'PRIVATE', 'MENU', 4, ''),
(26, 6, 'branch/', 'Sucursales', 'PRIVATE', 'MENU', 8, ''),
(27, 4, 'productItems/', 'Items', 'PRIVATE', 'SECTION', 4, ''),
(28, 7, 'provider/', 'Proveedores', 'PRIVATE', 'MENU', 1, ''),
(29, 5, 'catalog/', 'Catálogo', 'PRIVATE', 'MENU', 2, 'Catalogo del inventario'),
(32, 7, 'productItem/', 'Item del producto', 'PRIVATE', 'SECTION', 5, ''),
(33, 7, 'productAcquisition/', 'Adquisicion del Producto', 'PRIVATE', 'SECTION', 4, ''),
(34, 4, 'productGroup/', 'Grupos de Producto', 'PRIVATE', 'SECTION', 2, ''),
(35, 8, 'customer/', 'Clientes', 'PRIVATE', 'MENU', 1, '');

-- --------------------------------------------------------

--
-- Estructura de tabla para la tabla `cho_user`
--

CREATE TABLE IF NOT EXISTS `cho_user` (
  `ID` int(11) NOT NULL AUTO_INCREMENT,
  `ROL_ID` int(11) NOT NULL,
  `FIRST_LASTNAME` varchar(30) NOT NULL,
  `SECOND_LASTNAME` varchar(30) DEFAULT NULL,
  `FIRST_NAME` varchar(30) NOT NULL,
  `SECOND_NAME` varchar(30) DEFAULT NULL,
  `USERNAME` varchar(50) NOT NULL,
  `PASSWORD` varchar(50) NOT NULL,
  `EMAIL` varchar(80) NOT NULL,
  `DNI` varchar(20) DEFAULT NULL,
  `GENDER` varchar(10) DEFAULT NULL,
  `BIRTHDAY` date DEFAULT NULL,
  `TYPE` varchar(20) DEFAULT NULL,
  `STATUS` varchar(20) NOT NULL,
  `COUNTRY` varchar(30) DEFAULT NULL,
  `STATE` varchar(30) DEFAULT NULL,
  `CITY` varchar(50) DEFAULT NULL,
  `ADDRESS` text,
  `ZIP` varchar(10) DEFAULT NULL,
  `PRIMARY_PHONE` varchar(20) DEFAULT NULL,
  `SECONDARY_PHONE` varchar(20) DEFAULT NULL,
  `CELL_PHONE` varchar(20) DEFAULT NULL,
  `PHOTO_FORMAT` varchar(15) DEFAULT NULL,
  `REGISTERED_DATE` timestamp NOT NULL DEFAULT CURRENT_TIMESTAMP,
  `LAST_ACCESS` timestamp NOT NULL DEFAULT '0000-00-00 00:00:00',
  PRIMARY KEY (`ID`)
) ENGINE=InnoDB  DEFAULT CHARSET=utf8 AVG_ROW_LENGTH=455 AUTO_INCREMENT=56 ;

--
-- Volcado de datos para la tabla `cho_user`
--

INSERT INTO `cho_user` (`ID`, `ROL_ID`, `FIRST_LASTNAME`, `SECOND_LASTNAME`, `FIRST_NAME`, `SECOND_NAME`, `USERNAME`, `PASSWORD`, `EMAIL`, `DNI`, `GENDER`, `BIRTHDAY`, `TYPE`, `STATUS`, `COUNTRY`, `STATE`, `CITY`, `ADDRESS`, `ZIP`, `PRIMARY_PHONE`, `SECONDARY_PHONE`, `CELL_PHONE`, `PHOTO_FORMAT`, `REGISTERED_DATE`, `LAST_ACCESS`) VALUES
(1, 1, 'Rodriguez', 'Aranda', 'Yecid', '', 'yecid', 'yecid123', 'yecid@serviciosycompras.com', '1234567', NULL, NULL, 'INTERNO', 'ACTIVE', 'ESPA', 'Las Palmas', 'Las Palmas de Gran Canaria', NULL, NULL, NULL, NULL, NULL, NULL, '2010-01-01 00:00:00', '2014-05-08 22:36:33'),
(2, 1, 'Ticona', 'Menchaca', 'Clever', '', 'clever', 'clever123', 'clever@serviciosycompras.com', '6787889', NULL, NULL, 'INTERNO', 'ACTIVE', 'ESPA', 'Las Palmas', 'Las Palmas de Gran Canaria', NULL, NULL, NULL, NULL, NULL, NULL, '2010-01-01 00:00:00', '2014-05-08 22:36:33'),
(3, 1, 'Santana', 'Diaz', 'Abel', '', 'abel', 'abel123', 'abel@serviciosycompras.com', '5789543', NULL, NULL, 'INTERNO', 'ACTIVE', 'ESPA', 'Las Palmas', 'Las Palmas de Gran Canaria', NULL, NULL, NULL, NULL, NULL, NULL, '2010-01-01 00:00:00', '2014-05-08 22:36:33'),
(4, 1, 'Colomina', '', 'Juan', '', 'juan', 'juan123', 'juan@serviciosycompras.com', '6879654', NULL, NULL, 'INTERNO', 'ACTIVE', 'ESPA', 'Las Palmas', 'Las Palmas de Gran Canaria', NULL, NULL, NULL, NULL, NULL, NULL, '2010-01-01 00:00:00', '2014-05-08 22:36:33'),
(55, 1, 'Perez', 'Perez', 'Juan', 'Maria', 'juanperez', 'juanperez', 'juan.perez@gmail.com', '123456', 'MALE', '2019-01-01', 'EXTERNAL', 'CREATED', NULL, NULL, NULL, 'Calle Las Retamas #921', NULL, '2810927', NULL, '77719202', NULL, '2014-08-24 10:27:00', '0000-00-00 00:00:00');

-- --------------------------------------------------------

--
-- Estructura de tabla para la tabla `cho_user_admin`
--

CREATE TABLE IF NOT EXISTS `cho_user_admin` (
  `ID` int(11) NOT NULL,
  PRIMARY KEY (`ID`)
) ENGINE=InnoDB DEFAULT CHARSET=utf8 AVG_ROW_LENGTH=4096;

--
-- Volcado de datos para la tabla `cho_user_admin`
--

INSERT INTO `cho_user_admin` (`ID`) VALUES
(1),
(2),
(3),
(4);

-- --------------------------------------------------------

--
-- Estructura de tabla para la tabla `cho_user_x_rol`
--

CREATE TABLE IF NOT EXISTS `cho_user_x_rol` (
  `USER_ID` int(11) NOT NULL,
  `ROL_ID` int(11) NOT NULL,
  PRIMARY KEY (`USER_ID`,`ROL_ID`),
  KEY `ROL_ID` (`ROL_ID`),
  KEY `USER_ID` (`USER_ID`)
) ENGINE=InnoDB DEFAULT CHARSET=utf8 AVG_ROW_LENGTH=3276;

--
-- Volcado de datos para la tabla `cho_user_x_rol`
--

INSERT INTO `cho_user_x_rol` (`USER_ID`, `ROL_ID`) VALUES
(1, 1),
(1, 2),
(1, 3),
(1, 4),
(1, 5),
(55, 5);

-- --------------------------------------------------------

--
-- Estructura de tabla para la tabla `sel_acquisition`
--

CREATE TABLE IF NOT EXISTS `sel_acquisition` (
  `ID` int(11) NOT NULL AUTO_INCREMENT,
  `DATE` date DEFAULT NULL,
  `PROVIDER_ID` int(11) DEFAULT NULL,
  `OBSERVATION` text,
  `WARRANTY_PROVIDER` varchar(30) DEFAULT NULL,
  PRIMARY KEY (`ID`),
  KEY `PROVIDER_ID` (`PROVIDER_ID`)
) ENGINE=InnoDB  DEFAULT CHARSET=utf8 AVG_ROW_LENGTH=8192 AUTO_INCREMENT=3 ;

--
-- Volcado de datos para la tabla `sel_acquisition`
--

INSERT INTO `sel_acquisition` (`ID`, `DATE`, `PROVIDER_ID`, `OBSERVATION`, `WARRANTY_PROVIDER`) VALUES
(1, '2015-01-01', 17, '', '101010'),
(2, '2015-01-01', 14, '', '101010');

-- --------------------------------------------------------

--
-- Estructura de tabla para la tabla `sel_branch`
--

CREATE TABLE IF NOT EXISTS `sel_branch` (
  `ID` int(11) NOT NULL,
  `NUMBER` int(11) NOT NULL,
  `STATUS` varchar(15) NOT NULL,
  `CODE` varchar(20) NOT NULL,
  `NAME` varchar(20) NOT NULL,
  `ADDRESS` varchar(100) NOT NULL,
  `PHONE` int(20) DEFAULT NULL,
  `FAX` int(20) DEFAULT NULL,
  PRIMARY KEY (`ID`),
  UNIQUE KEY `sel_branch_idx1` (`CODE`)
) ENGINE=InnoDB DEFAULT CHARSET=utf8 AVG_ROW_LENGTH=8192;

--
-- Volcado de datos para la tabla `sel_branch`
--

INSERT INTO `sel_branch` (`ID`, `NUMBER`, `STATUS`, `CODE`, `NAME`, `ADDRESS`, `PHONE`, `FAX`) VALUES
(0, 0, 'ACTIVO', '004', 'Sucursal B', 'Av 20 de octubre, calle 1 ', 89898989, 54567800),
(1, 3, 'ACTIVO', '002', 'Sucursal A', 'Av 6 de agosto', 299777, 443434);

-- --------------------------------------------------------

--
-- Estructura de tabla para la tabla `sel_branch_category`
--

CREATE TABLE IF NOT EXISTS `sel_branch_category` (
  `ID` int(11) NOT NULL AUTO_INCREMENT,
  `BRANCH_ID` int(11) NOT NULL,
  `CATEGORY_ID` int(11) NOT NULL,
  `STATE` varchar(15) NOT NULL,
  `OBSERVATION` text,
  PRIMARY KEY (`ID`),
  UNIQUE KEY `ID` (`ID`),
  KEY `BRANCH_ID` (`BRANCH_ID`),
  KEY `CATEGORY_ID` (`CATEGORY_ID`)
) ENGINE=InnoDB DEFAULT CHARSET=utf8 AUTO_INCREMENT=1 ;

-- --------------------------------------------------------

--
-- Estructura de tabla para la tabla `sel_branch_employee`
--

CREATE TABLE IF NOT EXISTS `sel_branch_employee` (
  `ID` int(11) NOT NULL AUTO_INCREMENT,
  `BRANCH_ID` int(11) NOT NULL,
  `EMPLOYEE_ID` int(11) NOT NULL,
  `INIT_DATE` date NOT NULL,
  `END_DATE` date NOT NULL,
  `ADMIN` tinyint(1) NOT NULL,
  `STATUS` varchar(15) DEFAULT NULL,
  PRIMARY KEY (`ID`),
  KEY `BRANCH_ID` (`BRANCH_ID`),
  KEY `EMPLOYEE_ID` (`EMPLOYEE_ID`)
) ENGINE=InnoDB  DEFAULT CHARSET=utf8 AVG_ROW_LENGTH=16384 AUTO_INCREMENT=2 ;

--
-- Volcado de datos para la tabla `sel_branch_employee`
--

INSERT INTO `sel_branch_employee` (`ID`, `BRANCH_ID`, `EMPLOYEE_ID`, `INIT_DATE`, `END_DATE`, `ADMIN`, `STATUS`) VALUES
(1, 1, 3, '2014-12-01', '2015-07-30', 1, 'ACTIVO');

-- --------------------------------------------------------

--
-- Estructura de tabla para la tabla `sel_brand`
--

CREATE TABLE IF NOT EXISTS `sel_brand` (
  `ID` int(11) NOT NULL AUTO_INCREMENT,
  `NAME` varchar(100) DEFAULT NULL,
  `CODE` varchar(20) DEFAULT NULL,
  `DESCRIPTION` varchar(300) DEFAULT NULL,
  PRIMARY KEY (`ID`)
) ENGINE=InnoDB  DEFAULT CHARSET=utf8 AVG_ROW_LENGTH=16384 AUTO_INCREMENT=23 ;

--
-- Volcado de datos para la tabla `sel_brand`
--

INSERT INTO `sel_brand` (`ID`, `NAME`, `CODE`, `DESCRIPTION`) VALUES
(1, 'Hewlet Packard', 'HP', ''),
(2, 'L&G', 'LG', 'Ideas for life'),
(3, 'Sony', 'SNY', ''),
(4, 'Acer', 'ACR', ''),
(5, 'Dell', 'DLL', ''),
(6, 'Samsung', 'SMS', ''),
(7, 'Delux', 'DLX', ''),
(8, 'Haier', 'HAI', ''),
(9, 'Daewoo', 'DWO', ''),
(10, 'Toshiba', 'TSH', ''),
(11, 'Master G', 'MTG', ''),
(12, 'HTC', 'HTC', ''),
(13, 'Genius', 'GNS', ''),
(14, 'Lenovo', 'LNV', ''),
(15, 'Top Link', 'TPLK', ''),
(16, 'D-Link', 'DLNK', ''),
(17, 'Cisco', 'CSC', ''),
(18, 'Asus', 'ASS', ''),
(19, 'Epson', 'EPS', ''),
(20, 'Canon', 'CNN', ''),
(21, 'Panasonic', 'PNS', ''),
(22, 'Philips', 'PHL', '');

-- --------------------------------------------------------

--
-- Estructura de tabla para la tabla `sel_category`
--

CREATE TABLE IF NOT EXISTS `sel_category` (
  `ID` int(11) NOT NULL AUTO_INCREMENT,
  `MAIN_CATEGORY_ID` int(11) DEFAULT NULL,
  `CODE` varchar(20) NOT NULL,
  `NAME` varchar(100) NOT NULL,
  `DESCRIPTION` text,
  PRIMARY KEY (`ID`),
  KEY `MAIN_CATEGORY_ID` (`MAIN_CATEGORY_ID`,`ID`),
  KEY `MAIN_CATEGORY_ID_2` (`MAIN_CATEGORY_ID`)
) ENGINE=InnoDB  DEFAULT CHARSET=utf8 AVG_ROW_LENGTH=1489 AUTO_INCREMENT=38 ;

--
-- Volcado de datos para la tabla `sel_category`
--

INSERT INTO `sel_category` (`ID`, `MAIN_CATEGORY_ID`, `CODE`, `NAME`, `DESCRIPTION`) VALUES
(15, NULL, 'CMPT', 'Computadoras y Tablets', ''),
(16, NULL, 'PTLL', 'Pantallas', ''),
(17, NULL, 'TLFR', 'Telefonia y Redes', ''),
(18, NULL, 'ENTR', 'Entretenimiento', ''),
(19, NULL, 'LNBL', 'Linea Blanca', ''),
(20, 15, 'PC', 'PCs de Escritorio', ''),
(21, 15, 'PRT', 'Portátiles', ''),
(22, 15, 'PRU', 'Ultraligeras', ''),
(23, 15, 'IMP', 'Impresoras', ''),
(24, 15, 'SFT', 'Software', ''),
(25, 15, 'TBL', 'Tabletas', ''),
(26, 16, 'MNT', 'Monitores', ''),
(28, 17, 'TLF', 'Teléfonos', ''),
(29, 17, 'MLT', 'Equipos Multilinea', ''),
(30, 17, 'ROU', 'Enrutadores', ''),
(31, 17, 'WFI', 'Equipos WiFi', ''),
(32, 18, 'CNS', 'Consolas', ''),
(33, 18, 'CSS', 'Accesorios de Juegos', ''),
(34, 16, 'MHD', 'Monitores HD +', ''),
(35, 19, 'ETF', 'Estufas', ''),
(36, 19, 'RFR', 'Refrigeradores', ''),
(37, 19, 'FTC', 'Fotocopiadoras', '');

-- --------------------------------------------------------

--
-- Estructura de tabla para la tabla `sel_customer`
--

CREATE TABLE IF NOT EXISTS `sel_customer` (
  `ID` int(11) NOT NULL AUTO_INCREMENT,
  `ID_NUMBER` varchar(20) NOT NULL,
  `EMAIL` varchar(80) NOT NULL,
  `NAME` varchar(50) NOT NULL,
  `LASTNAME` varchar(50) NOT NULL,
  `GENDER` varchar(10) NOT NULL,
  `BIRTHDAY_DATE` date DEFAULT NULL,
  `ADDRESS` text,
  `PHONE` varchar(30) DEFAULT NULL,
  `CELLPHONE` varchar(30) DEFAULT NULL,
  `REGISTERED_DATE` int(11) NOT NULL,
  PRIMARY KEY (`ID`)
) ENGINE=InnoDB  DEFAULT CHARSET=utf16 PACK_KEYS=0 AUTO_INCREMENT=8 ;

--
-- Volcado de datos para la tabla `sel_customer`
--

INSERT INTO `sel_customer` (`ID`, `ID_NUMBER`, `EMAIL`, `NAME`, `LASTNAME`, `GENDER`, `BIRTHDAY_DATE`, `ADDRESS`, `PHONE`, `CELLPHONE`, `REGISTERED_DATE`) VALUES
(1, '3378388', 'martin.lobo@gmail.com', 'MARTIN ALEJANDRO', 'VILLALOBOS NAVIA', 'MALE', '2019-09-15', 'Av. Tacna #1092', '', '71156895', 0),
(2, '4568751', 'diana.katy@hotmail.com', 'DIANA KATHERYN', 'DELGADO PEREZ', 'FEMALE', '2019-03-18', 'c. Oblitas #982', '', '71826859', 0),
(3, '3234322', 'ger.man@yahoo.es', 'GERMAN', 'CAMPOS ARCE', 'MALE', '2019-07-26', 'calle Colon #988', '', '72458963', 0),
(4, '4353287', 'ditpoli@hotmail.com', 'ELISEO', 'JIMENEZ CHOQUE', 'MALE', '2019-05-30', 'calle Demetrio Calderon s/n', '', '71187542', 0),
(5, '68754451', 'nico.tino@yahoo.com', 'NICOLAS REGINO', 'QUISPE LOPEZ', 'MALE', '2019-01-24', 'calle La Paz #992', '', '', 0),
(6, '78546622', 'quiski.one@hotmail.com', 'TERESA', 'QUEQUEZANA APAZA', 'FEMALE', '2019-05-19', 'Av. España #2899', '', '72452123', 0),
(7, '5968745', 'yuryu@hotmail.com', 'YURI DAMIAN', 'JORGES LAIME', 'MALE', '2019-09-25', 'calle Sucre #922 Zona este', '', '', 0);

-- --------------------------------------------------------

--
-- Estructura de tabla para la tabla `sel_employee`
--

CREATE TABLE IF NOT EXISTS `sel_employee` (
  `ID` int(11) NOT NULL AUTO_INCREMENT,
  `USER_ID` int(11) NOT NULL,
  `INIT_DATE` date NOT NULL,
  `END_DATE` date NOT NULL,
  `DETAILS` text,
  PRIMARY KEY (`ID`),
  KEY `USER_ID` (`USER_ID`)
) ENGINE=InnoDB  DEFAULT CHARSET=utf8 AVG_ROW_LENGTH=16384 AUTO_INCREMENT=4 ;

--
-- Volcado de datos para la tabla `sel_employee`
--

INSERT INTO `sel_employee` (`ID`, `USER_ID`, `INIT_DATE`, `END_DATE`, `DETAILS`) VALUES
(3, 55, '2014-12-13', '2015-02-07', 'SDFSDF');

-- --------------------------------------------------------

--
-- Estructura de tabla para la tabla `sel_person`
--

CREATE TABLE IF NOT EXISTS `sel_person` (
  `ID` int(11) NOT NULL,
  `NAME` varchar(20) DEFAULT NULL,
  `FIRST_LASTNAME` varchar(20) DEFAULT NULL,
  `SECOND_LASTNAME` varchar(20) DEFAULT NULL,
  `IDENTITY` int(11) DEFAULT NULL,
  `IDENTITY_EXT` varchar(20) DEFAULT NULL,
  `GENDER` varchar(20) DEFAULT NULL,
  `BIRTHDAY_DATE` date DEFAULT NULL,
  PRIMARY KEY (`ID`)
) ENGINE=InnoDB DEFAULT CHARSET=utf8;

-- --------------------------------------------------------

--
-- Estructura de tabla para la tabla `sel_product`
--

CREATE TABLE IF NOT EXISTS `sel_product` (
  `ID` int(11) NOT NULL AUTO_INCREMENT,
  `PRODUCT_GROUP_ID` int(11) NOT NULL,
  `BRAND_ID` int(11) NOT NULL,
  `CATEGORY_ID` int(11) NOT NULL,
  `CODE` varchar(20) DEFAULT NULL,
  `NAME` varchar(100) DEFAULT NULL,
  `DESCRIPTION` text,
  `MODEL` varchar(100) DEFAULT NULL,
  `NUMBER_PARTS` int(11) DEFAULT NULL,
  PRIMARY KEY (`ID`),
  KEY `CATEGORY_ID` (`CATEGORY_ID`),
  KEY `PRODUCT_GROUP_ID` (`PRODUCT_GROUP_ID`),
  KEY `BRAND_ID` (`BRAND_ID`)
) ENGINE=InnoDB  DEFAULT CHARSET=utf8 AVG_ROW_LENGTH=4096 AUTO_INCREMENT=25 ;

--
-- Volcado de datos para la tabla `sel_product`
--

INSERT INTO `sel_product` (`ID`, `PRODUCT_GROUP_ID`, `BRAND_ID`, `CATEGORY_ID`, `CODE`, `NAME`, `DESCRIPTION`, `MODEL`, `NUMBER_PARTS`) VALUES
(18, 1, 14, 21, 'LNXNR14', 'Laptop Lanix Neuron', NULL, 'Neuron', NULL),
(19, 1, 5, 21, 'LDINS14', 'Laptop Dell Inspiron', NULL, 'Inspiron', NULL),
(20, 2, 5, 21, 'LDINS15', 'Laptop Dell Inspiron', NULL, 'Inspiron', NULL),
(21, 1, 1, 21, 'HPPAV14', 'Notebook HP Pavilion 14"', NULL, 'Pavilion', NULL),
(22, 1, 1, 21, 'CHRMBE', 'Chromebook 14"', NULL, 'Chromebook', NULL),
(23, 1, 4, 21, 'ACUM', 'Laptop Acer UMAC 14', NULL, 'UMAC', NULL),
(24, 3, 4, 21, 'HPBTS16', 'Notebook HP Beats 15.8"', NULL, 'ENVY', NULL);

-- --------------------------------------------------------

--
-- Estructura de tabla para la tabla `sel_product_acquisition`
--

CREATE TABLE IF NOT EXISTS `sel_product_acquisition` (
  `ID` int(11) NOT NULL AUTO_INCREMENT,
  `AQUISITION_ID` int(11) NOT NULL,
  `PRODUCT_ID` int(11) NOT NULL,
  `QUANTITY` int(11) NOT NULL,
  `PRICE` float(15,2) NOT NULL,
  `MONEY` varchar(20) DEFAULT NULL,
  PRIMARY KEY (`ID`),
  KEY `AQUISITION_ID` (`AQUISITION_ID`),
  KEY `PRODUCT_ITEM_ID` (`PRODUCT_ID`)
) ENGINE=InnoDB  DEFAULT CHARSET=utf8 AVG_ROW_LENGTH=4096 AUTO_INCREMENT=3 ;

--
-- Volcado de datos para la tabla `sel_product_acquisition`
--

INSERT INTO `sel_product_acquisition` (`ID`, `AQUISITION_ID`, `PRODUCT_ID`, `QUANTITY`, `PRICE`, `MONEY`) VALUES
(1, 1, 18, 50, 3000.00, 'Bs'),
(2, 2, 20, 20, 1000.00, 'Bs');

-- --------------------------------------------------------

--
-- Estructura de tabla para la tabla `sel_product_group`
--

CREATE TABLE IF NOT EXISTS `sel_product_group` (
  `ID` int(11) NOT NULL AUTO_INCREMENT,
  `CATEGORY_ID` int(11) NOT NULL,
  `CODE` varchar(20) NOT NULL,
  `NAME` varchar(200) NOT NULL,
  `DESCRIPTION` int(11) DEFAULT NULL,
  PRIMARY KEY (`ID`),
  KEY `CATEGORY_ID` (`CATEGORY_ID`)
) ENGINE=InnoDB  DEFAULT CHARSET=utf8 AVG_ROW_LENGTH=1820 AUTO_INCREMENT=10 ;

--
-- Volcado de datos para la tabla `sel_product_group`
--

INSERT INTO `sel_product_group` (`ID`, `CATEGORY_ID`, `CODE`, `NAME`, `DESCRIPTION`) VALUES
(1, 21, 'LPT14', 'Laptop de 14"', 0),
(2, 21, 'LPT15', 'Laptop de 15"', 0),
(3, 21, 'LPT16', 'Laptop de 16"', 0),
(4, 21, 'LPT17', 'Laptop de 17"', 0),
(5, 20, 'CR2D', 'Core 2 Duo', 0),
(6, 20, 'CCRI3', 'Core i3', 0),
(7, 20, 'CRi5', 'Core i5', 0),
(8, 20, 'CRi7', 'Core i7', 0),
(9, 20, 'DUCr', 'Dual Core', 0);

-- --------------------------------------------------------

--
-- Estructura de tabla para la tabla `sel_product_image`
--

CREATE TABLE IF NOT EXISTS `sel_product_image` (
  `ID` int(11) NOT NULL AUTO_INCREMENT,
  `NAME` varchar(40) DEFAULT NULL,
  `SIZE` int(11) DEFAULT NULL,
  `LOCATION` varchar(100) DEFAULT NULL,
  `PRODUCT_ID` int(11) DEFAULT NULL,
  PRIMARY KEY (`ID`),
  KEY `PRODUCT_ID` (`PRODUCT_ID`)
) ENGINE=InnoDB DEFAULT CHARSET=utf8 AUTO_INCREMENT=1 ;

-- --------------------------------------------------------

--
-- Estructura de tabla para la tabla `sel_product_item`
--

CREATE TABLE IF NOT EXISTS `sel_product_item` (
  `ID` int(11) NOT NULL AUTO_INCREMENT,
  `PRODUCT_ACQUISITION_ID` int(11) NOT NULL,
  `BRAND_ID` int(11) NOT NULL,
  `BRANCH_ID` int(11) DEFAULT NULL,
  `PRODUCT_DEPOSIT_ID` int(11) DEFAULT NULL,
  `PRODUCT_SALES_ID` int(11) DEFAULT NULL,
  `CODE` varchar(20) NOT NULL,
  `STATUS` varchar(15) NOT NULL,
  `REGISTER_DATE` datetime DEFAULT NULL,
  `COST` int(11) DEFAULT NULL,
  `PRICE` double(15,3) DEFAULT NULL,
  `COLOR` int(11) DEFAULT NULL,
  `WARRANTY_SELL` int(11) DEFAULT NULL,
  `OBSERVATION` text,
  PRIMARY KEY (`ID`),
  KEY `PRODUCT_ID` (`PRODUCT_ACQUISITION_ID`),
  KEY `BRAND_ID` (`BRAND_ID`),
  KEY `BRANCH_ID` (`BRANCH_ID`),
  KEY `PRODUCT_SALES_ID` (`PRODUCT_SALES_ID`)
) ENGINE=InnoDB  DEFAULT CHARSET=utf8 AVG_ROW_LENGTH=16384 AUTO_INCREMENT=71 ;

--
-- Volcado de datos para la tabla `sel_product_item`
--

INSERT INTO `sel_product_item` (`ID`, `PRODUCT_ACQUISITION_ID`, `BRAND_ID`, `BRANCH_ID`, `PRODUCT_DEPOSIT_ID`, `PRODUCT_SALES_ID`, `CODE`, `STATUS`, `REGISTER_DATE`, `COST`, `PRICE`, `COLOR`, `WARRANTY_SELL`, `OBSERVATION`) VALUES
(1, 1, 4, NULL, NULL, NULL, '', 'INORDER', NULL, 3000, 3000.000, NULL, 101010, NULL),
(2, 1, 4, NULL, NULL, NULL, '', 'INORDER', NULL, 3000, 3000.000, NULL, 101010, NULL),
(3, 1, 4, NULL, NULL, NULL, '', 'INORDER', NULL, 3000, 3000.000, NULL, 101010, NULL),
(4, 1, 4, NULL, NULL, NULL, '', 'INORDER', NULL, 3000, 3000.000, NULL, 101010, NULL),
(5, 1, 4, NULL, NULL, NULL, '', 'INORDER', NULL, 3000, 3000.000, NULL, 101010, NULL),
(6, 1, 4, NULL, NULL, NULL, '', 'INORDER', NULL, 3000, 3000.000, NULL, 101010, NULL),
(7, 1, 4, NULL, NULL, NULL, '', 'INORDER', NULL, 3000, 3000.000, NULL, 101010, NULL),
(8, 1, 4, NULL, NULL, NULL, '', 'INORDER', NULL, 3000, 3000.000, NULL, 101010, NULL),
(9, 1, 4, NULL, NULL, NULL, '', 'INORDER', NULL, 3000, 3000.000, NULL, 101010, NULL),
(10, 1, 4, NULL, NULL, NULL, '', 'INORDER', NULL, 3000, 3000.000, NULL, 101010, NULL),
(11, 1, 4, NULL, NULL, NULL, '', 'INORDER', NULL, 3000, 3000.000, NULL, 101010, NULL),
(12, 1, 4, NULL, NULL, NULL, '', 'INORDER', NULL, 3000, 3000.000, NULL, 101010, NULL),
(13, 1, 4, NULL, NULL, NULL, '', 'INORDER', NULL, 3000, 3000.000, NULL, 101010, NULL),
(14, 1, 4, NULL, NULL, NULL, '', 'INORDER', NULL, 3000, 3000.000, NULL, 101010, NULL),
(15, 1, 4, NULL, NULL, NULL, '', 'INORDER', NULL, 3000, 3000.000, NULL, 101010, NULL),
(16, 1, 4, NULL, NULL, NULL, '', 'INORDER', NULL, 3000, 3000.000, NULL, 101010, NULL),
(17, 1, 4, NULL, NULL, NULL, '', 'INORDER', NULL, 3000, 3000.000, NULL, 101010, NULL),
(18, 1, 4, NULL, NULL, NULL, '', 'INORDER', NULL, 3000, 3000.000, NULL, 101010, NULL),
(19, 1, 4, NULL, NULL, NULL, '', 'INORDER', NULL, 3000, 3000.000, NULL, 101010, NULL),
(20, 1, 4, NULL, NULL, NULL, '', 'INORDER', NULL, 3000, 3000.000, NULL, 101010, NULL),
(21, 1, 4, NULL, NULL, NULL, '', 'INORDER', NULL, 3000, 3000.000, NULL, 101010, NULL),
(22, 1, 4, NULL, NULL, NULL, '', 'INORDER', NULL, 3000, 3000.000, NULL, 101010, NULL),
(23, 1, 4, NULL, NULL, NULL, '', 'INORDER', NULL, 3000, 3000.000, NULL, 101010, NULL),
(24, 1, 4, NULL, NULL, NULL, '', 'INORDER', NULL, 3000, 3000.000, NULL, 101010, NULL),
(25, 1, 4, NULL, NULL, NULL, '', 'INORDER', NULL, 3000, 3000.000, NULL, 101010, NULL),
(26, 1, 4, NULL, NULL, NULL, '', 'INORDER', NULL, 3000, 3000.000, NULL, 101010, NULL),
(27, 1, 4, NULL, NULL, NULL, '', 'INORDER', NULL, 3000, 3000.000, NULL, 101010, NULL),
(28, 1, 4, NULL, NULL, NULL, '', 'INORDER', NULL, 3000, 3000.000, NULL, 101010, NULL),
(29, 1, 4, NULL, NULL, NULL, '', 'INORDER', NULL, 3000, 3000.000, NULL, 101010, NULL),
(30, 1, 4, NULL, NULL, NULL, '', 'INORDER', NULL, 3000, 3000.000, NULL, 101010, NULL),
(31, 1, 4, NULL, NULL, NULL, '', 'INORDER', NULL, 3000, 3000.000, NULL, 101010, NULL),
(32, 1, 4, NULL, NULL, NULL, '', 'INORDER', NULL, 3000, 3000.000, NULL, 101010, NULL),
(33, 1, 4, NULL, NULL, NULL, '', 'INORDER', NULL, 3000, 3000.000, NULL, 101010, NULL),
(34, 1, 4, NULL, NULL, NULL, '', 'INORDER', NULL, 3000, 3000.000, NULL, 101010, NULL),
(35, 1, 4, NULL, NULL, NULL, '', 'INORDER', NULL, 3000, 3000.000, NULL, 101010, NULL),
(36, 1, 4, NULL, NULL, NULL, '', 'INORDER', NULL, 3000, 3000.000, NULL, 101010, NULL),
(37, 1, 4, NULL, NULL, NULL, '', 'INORDER', NULL, 3000, 3000.000, NULL, 101010, NULL),
(38, 1, 4, NULL, NULL, NULL, '', 'INORDER', NULL, 3000, 3000.000, NULL, 101010, NULL),
(39, 1, 4, NULL, NULL, NULL, '', 'INORDER', NULL, 3000, 3000.000, NULL, 101010, NULL),
(40, 1, 4, NULL, NULL, NULL, '', 'INORDER', NULL, 3000, 3000.000, NULL, 101010, NULL),
(41, 1, 4, NULL, NULL, NULL, '', 'INORDER', NULL, 3000, 3000.000, NULL, 101010, NULL),
(42, 1, 4, NULL, NULL, NULL, '', 'INORDER', NULL, 3000, 3000.000, NULL, 101010, NULL),
(43, 1, 4, NULL, NULL, NULL, '', 'INORDER', NULL, 3000, 3000.000, NULL, 101010, NULL),
(44, 1, 4, NULL, NULL, NULL, '', 'INORDER', NULL, 3000, 3000.000, NULL, 101010, NULL),
(45, 1, 4, NULL, NULL, NULL, '', 'INORDER', NULL, 3000, 3000.000, NULL, 101010, NULL),
(46, 1, 4, NULL, NULL, NULL, '', 'INORDER', NULL, 3000, 3000.000, NULL, 101010, NULL),
(47, 1, 4, NULL, NULL, NULL, '', 'INORDER', NULL, 3000, 3000.000, NULL, 101010, NULL),
(48, 1, 4, NULL, NULL, NULL, '', 'INORDER', NULL, 3000, 3000.000, NULL, 101010, NULL),
(49, 1, 4, NULL, NULL, NULL, '', 'INORDER', NULL, 3000, 3000.000, NULL, 101010, NULL),
(50, 1, 4, NULL, NULL, NULL, '', 'INORDER', NULL, 3000, 3000.000, NULL, 101010, NULL),
(51, 2, 5, NULL, NULL, NULL, '', 'INORDER', NULL, 1000, 1000.000, NULL, 101010, NULL),
(52, 2, 5, NULL, NULL, NULL, '', 'INORDER', NULL, 1000, 1000.000, NULL, 101010, NULL),
(53, 2, 5, NULL, NULL, NULL, '', 'INORDER', NULL, 1000, 1000.000, NULL, 101010, NULL),
(54, 2, 5, NULL, NULL, NULL, '', 'INORDER', NULL, 1000, 1000.000, NULL, 101010, NULL),
(55, 2, 5, NULL, NULL, NULL, '', 'INORDER', NULL, 1000, 1000.000, NULL, 101010, NULL),
(56, 2, 5, NULL, NULL, NULL, '', 'INORDER', NULL, 1000, 1000.000, NULL, 101010, NULL),
(57, 2, 5, NULL, NULL, NULL, '', 'INORDER', NULL, 1000, 1000.000, NULL, 101010, NULL),
(58, 2, 5, NULL, NULL, NULL, '', 'INORDER', NULL, 1000, 1000.000, NULL, 101010, NULL),
(59, 2, 5, NULL, NULL, NULL, '', 'INORDER', NULL, 1000, 1000.000, NULL, 101010, NULL),
(60, 2, 5, NULL, NULL, NULL, '', 'INORDER', NULL, 1000, 1000.000, NULL, 101010, NULL),
(61, 2, 5, NULL, NULL, NULL, '', 'INORDER', NULL, 1000, 1000.000, NULL, 101010, NULL),
(62, 2, 5, NULL, NULL, NULL, '', 'INORDER', NULL, 1000, 1000.000, NULL, 101010, NULL),
(63, 2, 5, NULL, NULL, NULL, '', 'INORDER', NULL, 1000, 1000.000, NULL, 101010, NULL),
(64, 2, 5, NULL, NULL, NULL, '', 'INORDER', NULL, 1000, 1000.000, NULL, 101010, NULL),
(65, 2, 5, NULL, NULL, NULL, '', 'INORDER', NULL, 1000, 1000.000, NULL, 101010, NULL),
(66, 2, 5, NULL, NULL, NULL, '', 'INORDER', NULL, 1000, 1000.000, NULL, 101010, NULL),
(67, 2, 5, NULL, NULL, NULL, '', 'INORDER', NULL, 1000, 1000.000, NULL, 101010, NULL),
(68, 2, 5, NULL, NULL, NULL, '', 'INORDER', NULL, 1000, 1000.000, NULL, 101010, NULL),
(69, 2, 5, NULL, NULL, NULL, '', 'INORDER', NULL, 1000, 1000.000, NULL, 101010, NULL),
(70, 2, 5, NULL, NULL, NULL, '', 'INORDER', NULL, 1000, 1000.000, NULL, 101010, NULL);

-- --------------------------------------------------------

--
-- Estructura de tabla para la tabla `sel_product_sales`
--

CREATE TABLE IF NOT EXISTS `sel_product_sales` (
  `ID` int(11) NOT NULL AUTO_INCREMENT,
  `SALES_ID` int(11) NOT NULL,
  `PRODUCT_ID` int(11) NOT NULL,
  `ADDED_DATE` timestamp NOT NULL DEFAULT CURRENT_TIMESTAMP ON UPDATE CURRENT_TIMESTAMP,
  `QUANTITY` int(11) NOT NULL,
  `PRICE` float(9,3) NOT NULL,
  `WARRANTY` int(11) NOT NULL,
  `DETAILS` text,
  PRIMARY KEY (`ID`),
  KEY `SALES_ID` (`SALES_ID`)
) ENGINE=InnoDB DEFAULT CHARSET=utf16 PACK_KEYS=0 AUTO_INCREMENT=1 ;

-- --------------------------------------------------------

--
-- Estructura de tabla para la tabla `sel_provider`
--

CREATE TABLE IF NOT EXISTS `sel_provider` (
  `ID` int(11) NOT NULL AUTO_INCREMENT,
  `COMPANY` varchar(100) DEFAULT NULL,
  `ADDRESS` varchar(100) DEFAULT NULL,
  `PERSON_ID` int(11) DEFAULT NULL,
  `TELEFONO` varchar(20) DEFAULT NULL,
  PRIMARY KEY (`ID`),
  KEY `PERSON_ID` (`PERSON_ID`)
) ENGINE=InnoDB  DEFAULT CHARSET=utf8 AVG_ROW_LENGTH=2730 AUTO_INCREMENT=20 ;

--
-- Volcado de datos para la tabla `sel_provider`
--

INSERT INTO `sel_provider` (`ID`, `COMPANY`, `ADDRESS`, `PERSON_ID`, `TELEFONO`) VALUES
(14, 'P&C Importaciones', 'Av. Sargento Flores #982', NULL, '72459019'),
(15, 'Atlantis Ltda.', 'Av. Zofro Km 6 s/n ', NULL, '711627678'),
(16, 'Magnus Electronics', 'Av. 6 de Octubre #293', NULL, '52-89291'),
(17, 'Herbas Liendo Importaciones', 'Av. Tacno #902 esq. Murguia', NULL, ''),
(18, 'Herbas Liendo Importaciones', 'Av. Tacna #902 esq. Murguia', NULL, ''),
(19, 'Pascual Guerrero', 'calle Oblitas #982 Zona Norte', NULL, '52-43902');

-- --------------------------------------------------------

--
-- Estructura de tabla para la tabla `sel_sales`
--

CREATE TABLE IF NOT EXISTS `sel_sales` (
  `ID` int(11) NOT NULL AUTO_INCREMENT,
  `BRANCH_ID` int(11) DEFAULT NULL,
  `CUSTOMER_ID` int(11) NOT NULL,
  `EMPLOYEE_ID` int(11) DEFAULT NULL,
  `CODE` varchar(20) NOT NULL,
  `DATE` datetime NOT NULL,
  `STATUS` varchar(20) NOT NULL,
  `MONEY_CHANGE` float(9,3) NOT NULL,
  `DETAILS` text,
  PRIMARY KEY (`ID`),
  KEY `CUSTOMER_ID` (`CUSTOMER_ID`)
) ENGINE=InnoDB DEFAULT CHARSET=utf16 PACK_KEYS=0 AUTO_INCREMENT=1 ;

--
-- Restricciones para tablas volcadas
--

--
-- Filtros para la tabla `cho_rol_x_uri`
--
ALTER TABLE `cho_rol_x_uri`
  ADD CONSTRAINT `cho_rol_x_uri_fk1` FOREIGN KEY (`ROL_ID`) REFERENCES `cho_rol` (`ID`),
  ADD CONSTRAINT `cho_rol_x_uri_fk2` FOREIGN KEY (`URI_ID`) REFERENCES `cho_uri` (`ID`);

--
-- Filtros para la tabla `cho_uri`
--
ALTER TABLE `cho_uri`
  ADD CONSTRAINT `cho_uri_fk1` FOREIGN KEY (`MODULE_ID`) REFERENCES `cho_module` (`ID`);

--
-- Filtros para la tabla `cho_user_x_rol`
--
ALTER TABLE `cho_user_x_rol`
  ADD CONSTRAINT `cho_user_x_rol_fk1` FOREIGN KEY (`USER_ID`) REFERENCES `cho_user` (`ID`),
  ADD CONSTRAINT `cho_user_x_rol_fk2` FOREIGN KEY (`ROL_ID`) REFERENCES `cho_rol` (`ID`);

--
-- Filtros para la tabla `sel_acquisition`
--
ALTER TABLE `sel_acquisition`
  ADD CONSTRAINT `acquisition_product_fk1` FOREIGN KEY (`PROVIDER_ID`) REFERENCES `sel_provider` (`ID`);

--
-- Filtros para la tabla `sel_branch_category`
--
ALTER TABLE `sel_branch_category`
  ADD CONSTRAINT `sel_branch_category_fk1` FOREIGN KEY (`BRANCH_ID`) REFERENCES `sel_branch` (`ID`),
  ADD CONSTRAINT `sel_branch_category_fk2` FOREIGN KEY (`CATEGORY_ID`) REFERENCES `sel_category` (`ID`);

--
-- Filtros para la tabla `sel_branch_employee`
--
ALTER TABLE `sel_branch_employee`
  ADD CONSTRAINT `sel_branch_employee_fk1` FOREIGN KEY (`EMPLOYEE_ID`) REFERENCES `sel_employee` (`ID`),
  ADD CONSTRAINT `sel_employee_branch` FOREIGN KEY (`BRANCH_ID`) REFERENCES `sel_branch` (`ID`);

--
-- Filtros para la tabla `sel_category`
--
ALTER TABLE `sel_category`
  ADD CONSTRAINT `sel_category_fk1` FOREIGN KEY (`MAIN_CATEGORY_ID`) REFERENCES `sel_category` (`ID`);

--
-- Filtros para la tabla `sel_employee`
--
ALTER TABLE `sel_employee`
  ADD CONSTRAINT `sel_employee_fk1` FOREIGN KEY (`USER_ID`) REFERENCES `cho_user` (`ID`);

--
-- Filtros para la tabla `sel_product`
--
ALTER TABLE `sel_product`
  ADD CONSTRAINT `sel_product_fk1` FOREIGN KEY (`CATEGORY_ID`) REFERENCES `sel_category` (`ID`),
  ADD CONSTRAINT `sel_product_fk2` FOREIGN KEY (`PRODUCT_GROUP_ID`) REFERENCES `sel_product_group` (`ID`),
  ADD CONSTRAINT `sel_product_fk3` FOREIGN KEY (`BRAND_ID`) REFERENCES `sel_brand` (`ID`);

--
-- Filtros para la tabla `sel_product_acquisition`
--
ALTER TABLE `sel_product_acquisition`
  ADD CONSTRAINT `sel_aquisition_product_fk1` FOREIGN KEY (`AQUISITION_ID`) REFERENCES `sel_acquisition` (`ID`),
  ADD CONSTRAINT `sel_product_aquisition_fk1` FOREIGN KEY (`PRODUCT_ID`) REFERENCES `sel_product` (`ID`);

--
-- Filtros para la tabla `sel_product_group`
--
ALTER TABLE `sel_product_group`
  ADD CONSTRAINT `sel_product_group_fk1` FOREIGN KEY (`CATEGORY_ID`) REFERENCES `sel_category` (`ID`);

--
-- Filtros para la tabla `sel_product_image`
--
ALTER TABLE `sel_product_image`
  ADD CONSTRAINT `sel_product_image_fk1` FOREIGN KEY (`PRODUCT_ID`) REFERENCES `sel_product` (`ID`);

--
-- Filtros para la tabla `sel_product_item`
--
ALTER TABLE `sel_product_item`
  ADD CONSTRAINT `sel_product_item_fk4` FOREIGN KEY (`PRODUCT_SALES_ID`) REFERENCES `sel_product_sales` (`ID`),
  ADD CONSTRAINT `sel_product_item_fk1` FOREIGN KEY (`PRODUCT_ACQUISITION_ID`) REFERENCES `sel_product_acquisition` (`ID`),
  ADD CONSTRAINT `sel_product_item_fk2` FOREIGN KEY (`BRANCH_ID`) REFERENCES `sel_branch` (`ID`),
  ADD CONSTRAINT `sel_product_item_fk3` FOREIGN KEY (`BRAND_ID`) REFERENCES `sel_brand` (`ID`);

--
-- Filtros para la tabla `sel_product_sales`
--
ALTER TABLE `sel_product_sales`
  ADD CONSTRAINT `sel_product_sales_fk1` FOREIGN KEY (`SALES_ID`) REFERENCES `sel_sales` (`ID`);

--
-- Filtros para la tabla `sel_provider`
--
ALTER TABLE `sel_provider`
  ADD CONSTRAINT `sel_provider_fk1` FOREIGN KEY (`PERSON_ID`) REFERENCES `sel_person` (`ID`);

--
-- Filtros para la tabla `sel_sales`
--
ALTER TABLE `sel_sales`
  ADD CONSTRAINT `sel_sales_fk1` FOREIGN KEY (`CUSTOMER_ID`) REFERENCES `sel_customer` (`ID`);

/*!40101 SET CHARACTER_SET_CLIENT=@OLD_CHARACTER_SET_CLIENT */;
/*!40101 SET CHARACTER_SET_RESULTS=@OLD_CHARACTER_SET_RESULTS */;
/*!40101 SET COLLATION_CONNECTION=@OLD_COLLATION_CONNECTION */;
